Barrio;Año medio de contrucción de inmuebles de uso residencial ;Apartamentos Municipales para Mayores;Asociaciones (Sección 1ª);Asociaciones culturales y casas regionales;Asociaciones de mujeres;Asociaciones vecinales;Bibliotecas Comunidad Madrid;Bibliotecas Municipales;Campos de fútbol 11;Centro de Día de Atención a Niños y Niñas (de 3 a 12 años) ;Centros de Adolescentes y Jóvenes (ASPA) ;Centros de Apoyo a las Familias (CAF);Centros de Atención a la Infancia (CAI);Centros de Atención a las Adicciones (CAD y CCAD);Centros de Día de Alzheimer y Físicos;Centros de Servicios Sociales;Centros deportivos Municipales;Centros Municipales de Mayores ;Centros Municipales de Salud Comunitaria (CMSC);Centros para personas sin hogar ;Centros y Espacios Culturales;Colegios Públicos Infantil y Primaria ;Duración media del crédito (meses) en transacción de vivienda ;Edad media de la población;Escuelas Infantiles Municipales;Espacios de Igualdad ;Espacios de Ocio para Adolescentes (El Enredadero);Etapas educativas. Total niñas;Etapas educativas. Total niños;Fundaciones (Sección 2ª);Hogares con un hombre solo mayor de 65 años                     ;Hogares con una mujer sola mayor de 65 años                      ;Hogares monoparentales: un hombre adulto con uno o más menores;Hogares monoparentales: una mujer adulta con uno o más menores;Índice de dependencia (Población de 0-15 + población 65 años y más / Pob. 16-64) ;Instalaciones deportivas básicas;Mercados Municipales;Número de inmuebles de uso residencial ;Número Habitantes;Paro registrado (número de personas registradas en SEPE en Febrero 2022) ;Paro registrado (número de personas registradas en SEPE en Febrero 2022) Hombres;Paro registrado (número de personas registradas en SEPE en Febrero 2022) Mujeres;"Pensión media mensual  Mujeres
";Pensión media mensual Hombres ;Personas con nacionalidad española             ;Personas con nacionalidad española Hombres                      ;Personas con nacionalidad española Mujeres                         ;Personas con nacionalidad extranjera            ;Personas con nacionalidad extranjera Hombres                       ;Personas con nacionalidad extranjera Mujeres                        ;Piscinas cubiertas;Piscinas de verano;Pista de atletismo ;Población de 0 a 14 años   ;Población de 15 a 29 años;Población de 30 a 44  años;Población de 45 a 64 años;Población de 65 a 79 años      ;Población de 65 años y más          ;Población de 80 años y más           ;Población densidad (hab./Ha.) ;Población en etapa educativa (Población de 3 a 16 años -16 no incluidos)                            ;Población en etapa educativa de 0 a 2 años;Población en etapa educativa de 12 a 15 años;Población en etapa educativa de 3 a 5 años;Población en etapa educativa de 6 a 11 años;Población en etapas educativas;Población Hombres ;Población infantil femenina en etapa educativa de 0 a 2 años;Población infantil femenina en etapa educativa de 12 a 15 años;Población infantil femenina en etapa educativa de 3 a 5 años;Población infantil femenina en etapa educativa de 6 a 11 años;Población infantil masculina en etapa educativa de 0 a 2 años;Población infantil masculina en etapa educativa de 12 a 15 años;Población infantil masculina en etapa educativa de 3 a 5 años;Población infantil masculina en etapa educativa de 6 a 11 años;Población mayor/igual  de 25 años  con estudios superiores, licenciatura, arquitectura, ingeniería sup., estudios sup. no universitarios, doctorado,  postgraduado  ;Población mayor/igual  de 25 años  que no sabe leer ni escribir o sin estudios                ;Población mayor/igual  de 25 años con Bachiller Elemental, Graduado Escolar, ESO, Formación profesional 1º grado  ;Población mayor/igual  de 25 años con enseñanza primaria incompleta  ;Población mayor/igual  de 25 años con Formación profesional 2º grado, Bachiller Superior o BUP  ;Población mayor/igual  de 25 años con Nivel de estudios desconocido y/o no consta                                   ;Población mayor/igual  de 25 años con titulación media, diplomatura, arquitectura o ingeniería técnica    ;Población Mujeres;Proporción de envejecimiento (Población mayor de 65 años/Población total);Proporción de juventud (Población de 0-15 años/Población total) porcentaje;Proporción de personas migrantes (Población extranjera menos UE y resto países de OCDE / Población total);Proporción de sobre-envejecimiento (Población mayor de 80 años/ Población mayor de 65 años);Renta neta media anual de los hogares (Urban Audit)             ;Residencias para personas Mayores ;Superficie (Ha.) ;Superficie media de la vivienda (m2) en transacción                                                ;Tamaño medio del hogar      ;Tasa absoluta de paro registrado (Febrero  2022);Tasa absoluta de paro registrado Hombres ;Tasa absoluta de paro registrado Mujeres;Tasa bruta de natalidad (‰);Tasa de crecimiento demográfico (porcentaje);Tasa de desempleo en hombres de 16 a 24 años;Tasa de desempleo en hombres de 25 a 44 años;Tasa de desempleo en hombres de 45 a 64 años;Tasa de desempleo en mujeres de 16 a 24 años;Tasa de desempleo en mujeres de 25 a 44 años;Tasa de desempleo en mujeres de 45 a 64 años;Total hogares
11;1928;1;49;22;2;1;0;1;0;1;0;0;1;0;0;1;0;1;0;0;1;3;294;45,96;1;0;1;882;885;1;470;1045;36;147;35,7;8;1;13455;23417;1244;657;587;1198;1478;18923;9285;9638;4660;2346;2314;0;0;0;1585;3824;6327;7205;3089;4476;1387;161;1767;358;412;326;671;1767;11568;180;205;150;347;178;207;176;324;9213;496;3464;1294;3744;13;1982;11849;18,79;7,49;0,09;31,32;38974;0;147;72,7;2,03;7,42;7,59;7,24;6,4;0;3;5,01;11,38;1,48;6,28;9,96;11613
12;1927;0;98;28;4;9;1;0;0;0;0;0;0;0;3;0;0;1;0;1;4;3;277;42,87;2;0;0;1822;1987;0;660;1563;54;305;27,4;1;2;25537;46444;2689;1361;1328;1086;1299;33267;16579;16688;13971;8188;5783;0;0;0;3545;8142;15309;13151;4297;6297;2000;456;3809;819;850;705;1435;3809;24271;395;412;335;680;424;438;370;755;15605;1505;8714;3559;7391;27;3466;22173;13,45;8,06;0,19;33,42;29472;0;103;55,1;2,09;7,61;7,05;8,29;6,3;0,4;3,71;5,31;10,54;4,23;6,96;11,46;22614
13;1923;0;31;10;1;1;0;0;0;0;0;0;0;0;0;0;0;0;0;0;0;1;267;44,78;0;0;0;360;376;0;217;401;11;60;31,2;0;0;6577;10828;451;218;233;1206;1411;7983;4024;3959;2804;1355;1449;0;0;0;650;2026;3120;3183;1301;1849;548;182;736;169;170;155;242;736;5345;93;79;74;114;76;91;81;128;4647;160;1376;489;1717;2;910;5483;16,98;6,82;0,12;30,24;40963;0;59;101;1,97;5,61;5,3;5,93;5,9;0,2;0,9;3,45;8,73;0,79;4,91;8,78;5488
14;1929;0;36;10;4;1;0;1;0;0;0;1;0;1;1;0;2;1;0;0;0;1;260;44,17;2;0;0;698;701;2;263;642;21;108;30,1;2;2;10631;18015;747;417;330;1204;1491;13870;7067;6803;4338;2224;2114;1;0;0;1215;3260;5306;5444;1875;2790;915;244;1399;323;344;254;478;1399;9221;155;172;124;247;168;172;130;231;8143;224;2325;718;2714;10;1409;8794;15,47;7,68;0,11;33,63;48203;0;74;86,4;2,04;5,51;5,73;5,26;6,8;1;1,28;3,76;9,13;0,64;3,56;8,85;8927
15;1930;0;46;16;1;2;0;1;0;2;0;0;0;0;1;1;0;1;0;1;1;1;264;43,91;1;0;0;1155;1240;1;536;1226;44;185;29,6;1;1;20299;32861;1528;786;742;1194;1404;25250;12602;12648;8176;4090;4086;0;0;0;2193;5911;10424;9117;3533;5216;1683;353;2395;516;578;427;874;2395;16349;223;307;206;419;293;271;221;455;13670;533;4901;1713;5195;17;2799;16512;15,66;7,17;0,13;32,77;35344;0;95;70,9;1,97;6,23;6,14;6,32;5,6;0;2,63;4,57;9,34;1,2;4,59;10,36;16967
16;1918;0;47;17;1;3;0;0;0;0;0;0;0;0;0;0;0;0;1;1;0;0;229;43,63;0;0;0;245;257;0;150;260;8;43;29;0;0;4657;8117;382;222;160;1151;1333;5433;2840;2593;2560;1280;1280;0;0;0;458;1804;2302;2267;933;1286;353;172;502;100;127;88;187;502;4232;43;60;44;98;57;67;44;89;2992;123;1229;380;1393;5;647;3885;16,19;6,28;0,17;28,52;35057;0;45;124;2,05;6,23;6,64;5,73;5,8;4,8;3,27;5,09;10,07;0;4,22;9,92;3895
21;1971;0;19;1;2;3;0;0;1;0;0;0;0;0;0;0;1;0;0;0;0;3;320;46,88;0;0;0;1295;1265;1;288;961;21;139;50,7;0;0;10967;22456;909;383;526;1269;1651;20807;9657;11150;1789;789;1000;1;0;0;2313;3207;4785;7001;3488;5150;1662;237;2560;461;700;482;917;2560;10436;220;374;245;456;241;326;237;461;7447;380;3213;1382;3639;23;2203;12020;22,33;11,33;0,04;33,41;46879;0;97;80,8;2,35;6,3;5,52;7,03;6,6;-1,4;2,39;4,98;6,88;2,3;6,15;8,85;9628
22;1976;0;32;12;0;0;0;1;0;1;0;0;0;0;0;0;1;0;1;0;0;2;318;47,52;1;0;0;1794;1893;1;474;1557;56;239;52,2;5;0;17602;36038;1390;583;807;1370;1737;33530;15358;18172;2865;1383;1482;0;1;0;3348;5312;7877;10470;6555;9031;2476;345;3687;657;929;718;1383;3687;16635;303;459;347;685;354;470;371;698;12366;599;5210;2210;5761;62;3659;19403;24,15;10,13;0,05;28,15;47683;0;107;65,3;2,35;6,1;5,45;6,68;5,5;-1,4;1,94;4,88;7,09;2,18;6,35;8,07;15474
23;1957;0;18;6;0;1;0;0;0;0;0;0;0;1;1;1;0;1;0;0;4;0;238;46,53;0;1;0;1054;1067;0;278;1012;15;112;49,5;2;1;9664;19734;900;402;498;1192;1540;17215;7780;9435;2861;1337;1524;0;0;0;1984;2680;5136;5399;2842;4535;1693;359;2121;470;426;471;754;2121;8994;231;217;234;372;239;209;237;382;5134;512;4355;1520;3460;15;1613;10740;22,55;10,56;0,11;37,7;35015;0;57;61,3;2,33;7,04;6,58;7,47;7;-1;3,17;4,89;9,56;3,52;6,13;9,86;8626
24;1997;0;14;0;0;1;0;0;0;0;0;0;0;0;1;0;1;0;0;0;0;1;283;39,95;1;0;0;1718;1832;1;116;268;45;191;38,7;7;0;8781;19469;618;257;361;1337;1695;18101;8873;9228;1471;701;770;0;0;0;3169;3054;4639;6562;1605;2045;440;140;3550;614;845;654;1437;3550;9543;288;423;321;686;326;422;333;751;6936;159;1905;587;2682;4;2039;9926;9,75;18,14;0,04;22,37;52569;0;141;88,6;2,57;4,52;3,84;5,17;10,6;-1,2;2,01;3,53;4,66;1,58;4,51;6,62;7603
25;1972;0;25;9;0;2;0;0;0;0;0;0;0;0;0;0;1;0;0;0;0;1;299;43,42;1;0;0;1915;1988;0;326;1038;46;210;44,5;3;0;13692;28243;1010;435;575;1279;1631;24828;11701;13127;3546;1651;1895;0;0;0;3583;4301;6931;8518;3416;4910;1494;269;3903;733;958;735;1477;3903;13296;351;490;359;715;382;468;376;762;8989;439;4441;1528;4197;15;2643;14947;17,02;13,76;0,08;31,28;43018;0;105;86,6;2,4;5,3;4,74;5,83;8,5;0,5;1,31;3,81;6,65;2,42;4,44;8,08;11826
26;1953;0;25;2;0;1;0;0;0;0;0;0;0;0;1;0;1;1;0;0;1;1;304;46,29;1;0;0;1220;1239;0;355;1291;29;179;43,4;1;1;13601;25078;1106;492;614;1234;1561;21767;10092;11675;4017;1966;2051;1;0;0;2211;3766;6532;7192;3551;5377;1826;406;2459;517;597;439;906;2459;11766;239;310;216;455;278;287;223;451;8566;591;4333;1743;4098;13;2285;13312;20,73;9,54;0,1;34,96;37389;0;65;69,9;2,18;6,54;5,88;7,19;7;-1,9;2,31;4,49;8,5;1,61;6,4;9,34;11802
27;2008;0;1;0;0;0;0;0;0;0;0;0;0;0;0;0;0;0;0;0;0;1;0;39,05;0;0;0;144;147;0;4;19;3;9;43,7;0;0;810;1620;65;26;39;1152;1615;1356;677;679;88;33;55;0;0;0;269;286;369;532;124;164;40;18;291;55;80;50;106;291;796;29;34;23;58;26;46;27;48;362;16;231;60;223;0;115;824;10,25;20,15;0,03;22,3;42657;0;74;109;2,78;5,66;4,52;6,81;12,1;17,6;3,38;3,05;6,32;1,64;5,36;9,21;520
31;1964;0;24;6;2;1;0;0;0;0;0;0;0;0;1;0;2;1;0;0;1;2;300;48,19;2;0;1;1663;1655;2;531;1888;45;205;55,7;1;1;16781;32745;1159;490;669;1376;1767;29854;13437;16417;3213;1371;1842;1;0;0;3030;4793;6843;9493;5726;8586;2860;447;3318;573;832;635;1278;3318;14613;266;420;324;653;307;412;311;625;11436;507;4673;1772;5605;34;3342;18132;25,72;10,03;0,06;34,02;44832;0;76;79,6;2,26;5,74;5,22;6,2;5,9;-2,1;1,54;4,83;6,65;1,55;5,49;7,92;14625
32;1984;0;17;6;0;1;1;0;0;0;0;0;0;0;1;0;0;0;0;0;1;1;321;45,53;0;1;0;1211;1269;1;197;741;33;143;55;4;0;8956;18715;698;254;444;1363;1788;17189;7975;9214;1464;635;829;0;0;0;2266;2670;4183;5375;3023;4221;1198;295;2480;446;600;469;965;2480;8675;199;287;225;500;247;313;244;465;6178;329;2550;998;2931;17;1845;10040;22,18;13,3;0,05;28,3;49538;0;64;82,9;2,4;5,98;4,57;7,27;8,6;-0,7;2,73;3,71;6,03;2,78;5,96;9,61;7774
33;1973;1;16;4;0;2;0;0;0;1;0;0;0;0;1;1;0;1;0;0;0;1;302;49,03;0;0;0;1452;1537;1;270;1038;28;110;78,6;3;0;9405;22780;597;263;334;1501;2011;21954;10199;11755;1096;437;659;0;0;0;2746;2975;3980;5888;4828;7191;2363;229;2989;452;796;544;1197;2989;10514;233;364;267;588;219;432;277;609;8836;266;2576;888;3424;17;2393;12266;31,05;12,97;0,03;32,25;63495;0;103;108;2,64;4,89;4,51;5,24;6,3;-1,3;1,12;4,03;6,04;1,08;4,3;7,07;8722
34;1948;0;17;5;1;2;0;0;0;0;0;0;0;0;0;0;0;0;0;0;1;1;280;46,98;0;0;0;1306;1319;1;320;1149;31;157;59;0;1;10349;21377;665;312;353;1371;1750;18811;8361;10450;2747;1188;1559;0;0;0;2395;3102;4484;6035;3478;5361;1883;448;2625;515;644;529;937;2625;9541;249;326;280;451;266;318;249;486;8527;287;2604;931;3194;19;1832;11836;24,91;12,18;0,06;35,72;50080;0;49;89,6;2,32;5,11;5,14;5,09;6,8;-2;1,42;4,17;7,15;0,79;3,89;7,25;9304
35;1950;0;17;1;1;1;0;1;1;0;0;0;0;0;0;0;2;0;0;0;2;0;303;47,72;0;0;0;385;415;2;124;286;11;40;59,9;2;0;3217;6926;180;67;113;1273;1832;6113;2889;3224;815;343;472;0;0;0;762;1005;1326;2037;1096;1796;700;36,95;800;146;188;183;283;800;3237;64;104;86;131;82;84;97;152;2918;77;745;209;1057;10;590;3689;25,91;11,55;0,05;39,44;72997;0;191;175;2,5;4,29;3,29;5,25;6,2;-1,7;0,44;2,34;4,79;0,85;5,23;6,49;2776
36;1968;0;1;4;0;0;0;0;0;0;0;0;0;0;0;0;0;1;0;0;0;1;295;46,83;1;0;0;1090;1141;0;185;678;17;82;70,8;1;0;6283;15129;356;143;213;1491;1958;14356;6616;7740;944;349;595;0;0;0;2035;2243;2558;4180;2783;4113;1330;241;2231;374;572;390;895;2231;6865;188;277;196;429;186;295;194;466;6553;100;1315;399;2059;19;1333;8264;26,88;14,58;0,03;32,04;70945;0;64;112;2,69;4,17;3,59;4,68;6,9;-1,1;0,84;2,29;5,53;0,19;4,45;6,13;5679
41;1947;0;19;3;2;0;0;0;0;0;0;0;0;0;0;0;0;0;1;0;2;0;198;46,23;0;0;0;872;942;1;277;605;29;88;53,4;0;1;8816;15647;321;121;200;1314;1838;12693;5803;6890;2936;1245;1691;0;0;0;1643;2724;3097;4485;2505;3698;1193;182;1814;386;427;354;647;1814;7044;190;208;170;304;196;219;184;343;7577;96;1325;343;1982;13;1119;8603;23,19;11,61;0,09;32,75;81692;0;87;121;2,36;3,27;2,73;3,71;9,1;-1,4;0,51;2,16;3,99;0,78;3,13;5,18;6619
42;1944;0;12;1;2;1;0;0;0;0;0;0;0;0;0;0;1;0;0;0;0;0;256;46,28;0;0;0;1491;1594;0;479;1558;40;174;52,2;0;0;16343;29441;835;295;540;1336;1710;24768;10881;13887;4711;1939;2772;1;0;0;2870;5176;6408;7954;4675;7033;2358;390;3085;688;681;608;1108;3085;12840;317;333;290;551;371;348;318;557;12876;333;3284;1023;4179;31;2365;16601;23,82;10,47;0,08;34,11;54456;0;77;98;2,24;4,47;3,52;5,24;7,9;-1,6;1,55;2,88;4,92;1,2;4,18;7,67;13145
43;1958;0;19;2;0;0;0;0;0;0;0;0;0;0;1;0;2;1;0;0;3;1;305;46,99;0;0;0;1145;1111;1;327;1159;21;138;54;0;0;10584;20848;783;336;447;1329;1723;18207;7980;10227;2756;1175;1581;1;0;0;2126;3070;4744;5756;3275;5152;1877;250;2256;449;536;437;834;2256;9087;227;271;208;439;222;265;229;395;7491;295;2966;1070;3394;18;1961;11761;24,31;10,76;0,07;36,81;44221;0;85;75,2;2,26;6,01;5,64;6,32;7;-1,4;1,37;4,13;8,47;1,21;5,12;8,91;9266
44;1966;0;35;4;0;4;1;1;0;0;0;0;0;0;3;1;1;1;0;0;1;1;312;46,49;1;0;0;2312;2465;1;534;2064;56;259;54,8;3;1;20579;41721;1391;602;789;1422;1812;36999;16767;20232;4940;2224;2716;1;0;0;4494;6694;9215;11316;6030;10002;3972;265;4777;908;1198;906;1765;4777;18925;422;553;452;885;486;645;454;880;16464;529;4842;1661;6465;30;3805;22796;23,99;11,39;0,07;39,55;50064;1;160;94;2,35;5,35;4,89;5,77;7,6;-0,9;1,73;3,63;7,41;1,28;4,54;8,21;17813
45;1950;0;12;3;0;1;0;0;0;0;0;0;0;0;0;0;0;0;0;0;0;0;273;46,02;0;0;0;1147;1106;0;311;1121;27;138;52,9;0;0;11181;20785;566;236;330;1405;1779;17528;7619;9909;3336;1410;1926;0;0;0;2054;3930;4482;5306;3248;5013;1765;409;2253;464;536;427;826;2253;8997;246;262;222;417;218;274;205;409;9092;210;2205;748;2962;29;1664;11788;23,81;10,8;0,08;35,47;54488;0;52;88,7;2,27;4,32;4,01;4,58;6,9;-1,7;0,75;2,76;6,72;0,36;3,25;7,56;9211
46;1951;0;16;1;0;0;0;0;0;0;0;0;0;0;0;0;0;0;0;0;0;1;228;45,15;0;0;0;1005;957;1;253;706;17;83;53;0;1;8573;17015;317;133;184;1340;1792;13873;6133;7740;3269;1364;1905;0;0;0;1689;3674;3308;4347;2679;3997;1318;224;1962;410;502;353;697;1962;7450;220;254;180;351;190;248;173;346;7775;132;1534;436;2269;28;1163;9565;23,2;11,45;0,09;32,96;81380;0;77;143;2,47;2,94;2,73;3,11;9,2;-0,9;0,83;1,7;4,81;0,33;2,54;4,96;6947
51;1966;0;14;3;0;1;0;0;0;0;0;0;0;0;0;0;0;0;0;0;0;3;270;44,85;0;0;0;1189;1227;1;204;535;28;74;55,3;1;0;7256;17181;319;129;190;1358;1830;15302;7039;8263;2047;772;1275;0;0;0;2216;2981;3387;4793;2445;3804;1359;102;2416;458;566;483;909;2416;7767;207;282;238;462;251;284;245;447;7804;159;1532;402;2205;46;1164;9414;21,67;13,93;0,06;35,36;80370;0;171;140;2,82;2,95;2,6;3,25;9,1;-0,5;0,68;1,66;4,23;0,39;3,16;4,23;6146
52;1970;0;18;3;0;1;0;0;0;0;0;0;0;1;1;1;0;1;0;0;0;1;312;47,25;1;0;0;2043;2049;0;495;2057;66;231;57,9;4;0;18609;35963;1269;534;735;1425;1794;32333;14509;17824;3970;1710;2260;0;0;0;3730;5097;8223;9601;6265;9312;3047;356;4092;806;978;850;1458;4092;16070;417;491;405;730;389;487;445;728;13462;455;4722;1577;5964;72;3562;19893;25,38;11,27;0,07;32,43;46805;0;104;78,3;2,28;5,72;5,16;6,22;7,3;-1,7;2,11;3,51;7,98;1,57;4,23;9,36;15906
53;1968;0;17;3;1;3;0;1;0;1;0;0;0;0;0;0;1;1;0;0;2;1;292;46,16;0;0;0;1110;1177;5;258;953;18;134;55,4;5;1;9112;18410;704;285;419;1382;1730;16248;7298;8950;2370;1008;1362;1;0;0;2124;2598;4329;5005;2851;4354;1503;249;2287;481;538;462;806;2287;8181;228;251;242;389;253;287;220;417;6940;240;2493;829;2916;40;1645;10229;23,37;12,28;0,08;34,87;48944;0;76;77,1;2,31;6,09;5,37;6,71;10,2;-1,5;1,43;3,55;8,42;1,85;5,31;9,44;8056
54;1968;0;23;2;1;4;0;0;0;0;0;0;0;0;1;0;0;0;0;0;0;0;289;46,18;0;0;0;2299;2302;1;400;1469;40;196;64;3;1;14046;31463;852;349;503;1421;1889;29084;13181;15903;2558;1033;1525;0;0;0;4226;4578;6090;8791;4812;7778;2966;188;4601;913;1092;903;1693;4601;14188;450;560;443;846;463;532;460;847;13579;263;2944;876;4263;67;2614;17275;24,48;14,54;0,04;37,98;69389;0;171;107;2,55;4,54;3,97;5,04;9,3;-1,3;0,95;2,97;5,86;0,59;3,63;7,42;12406
55;1972;0;14;4;0;0;0;0;0;0;0;0;0;0;1;0;1;0;0;0;0;3;285;43,75;1;1;0;2069;2133;1;304;891;37;160;61,4;4;0;10712;24366;559;214;345;1442;1880;22287;10282;12005;2410;868;1542;1;0;0;3816;3804;4908;6648;3309;5190;1881;140;4202;760;1017;794;1631;4202;11015;369;479;394;827;391;538;400;804;11234;156;1893;482;2898;28;1780;13351;21,01;17,01;0,05;35,72;78098;0;179;121;2,68;3,78;3,17;4,28;9,8;-1,3;0,63;2,58;4,62;0,29;3,33;6,4;9223
56;1974;0;8;0;0;1;0;1;0;0;0;0;0;0;0;0;0;1;0;0;0;0;308;45,08;0;0;0;1125;1190;3;230;678;29;86;56,6;1;1;7993;16988;484;209;275;1375;1893;15387;7181;8206;1704;718;986;0;0;0;2154;2825;3658;4503;2507;3848;1341;80,12;2315;429;556;449;881;2315;7859;216;281;221;407;213;275;228;474;7182;206;1591;577;2329;26;1473;9129;22,61;13,55;0,06;35,48;61310;0;216;107;2,56;4,55;4,13;4,93;8,6;-0,8;1,24;3,34;6,1;1,21;3,65;7,32;6676
61;1960;0;2;6;0;0;0;1;0;1;1;0;0;0;3;0;0;2;0;0;1;2;264;43,66;1;1;0;1683;1786;0;383;1198;34;172;42,7;2;0;13709;28995;1348;585;763;1185;1503;22276;10234;12042;7189;3227;3962;0;0;0;3204;5020;7577;7795;3653;5399;1746;419;3469;735;827;680;1227;3469;13231;355;407;325;596;380;420;355;631;7016;717;6822;2328;4474;32;2048;15764;18,13;11,77;0,2;33,35;33574;0;72;63,5;2,46;6,81;6,32;7,25;8,3;-1,5;2,09;4,64;10,03;2,37;6,07;10,09;11967
62;1962;0;29;9;1;2;0;0;0;1;0;0;0;0;1;0;0;0;0;0;0;1;283;45,78;2;0;0;1737;1921;3;459;1755;54;193;49,2;0;2;18228;34471;1184;511;673;1359;1718;29272;13283;15989;5545;2434;3111;0;0;0;3435;5599;8558;9046;5122;7833;2711;299;3658;777;808;729;1344;3658;15436;380;394;330;633;397;414;399;711;13210;540;5382;1684;4929;68;2752;19035;22,45;10,51;0,11;34,89;46339;0;119;81,2;2,3;5,26;4,88;5,6;8,5;-1,1;2,03;3,37;7,74;1,86;4,21;8,24;15146
63;1969;0;18;2;2;3;0;0;0;0;0;0;0;0;0;0;1;0;0;0;0;1;279;46,71;0;0;0;960;997;1;353;1081;30;100;49,7;1;0;11816;20282;764;319;445;1338;1727;17278;7860;9418;3263;1357;1906;1;0;0;1910;2988;5209;5313;3156;4862;1706;296;1957;476;397;364;720;1957;9097;245;199;169;347;231;198;195;373;8050;325;3056;1004;3030;22;1740;11185;23,69;9,53;0,11;35,53;48631;0;70;92;2,19;5,81;5,21;6,33;9,1;-1,4;1,9;3,62;8,27;1,79;5,08;8,86;9367
64;1985;0;29;1;1;2;0;1;0;1;0;0;1;1;0;1;1;0;1;0;2;2;321;44,2;1;0;0;1345;1343;3;296;864;30;177;44,5;2;0;10523;22594;1501;627;874;1001;1293;18991;8824;10167;3747;1646;2101;1;0;0;2492;3962;5480;6373;2568;4287;1719;231;2688;520;707;550;911;2688;10391;261;359;281;444;259;348;269;467;4618;1008;5252;2461;3154;10;1447;12203;18,96;11,82;0,13;41,97;31609;0;100;88,5;2,43;9,8;8,59;10,9;8,7;-1,2;5,47;6,59;12,15;6,14;9,11;14,22;9375
65;1980;0;2;1;2;1;0;0;0;0;0;0;0;0;1;0;0;1;0;0;0;1;298;42,3;0;0;0;1671;1720;1;260;809;29;183;36,8;4;2;12571;26140;1404;616;788;1011;1254;20174;9517;10657;6451;2897;3554;0;0;0;3036;4529;7121;7616;2479;3838;1359;229;3391;665;800;665;1261;3391;12277;337;392;338;604;328;408;327;657;5020;925;6703;2512;4037;19;1756;13863;14,17;12,74;0,2;36,48;30164;0;116;64;2,47;7,52;6,89;8,1;8;0,3;3,19;4,85;10,63;2,97;7,33;10,36;10795
66;1971;0;13;2;0;3;0;0;0;0;0;0;0;0;0;1;1;0;0;0;1;0;281;43,08;0;0;0;1550;1580;1;278;967;33;187;39,9;0;0;12099;24951;1216;538;678;1083;1403;19211;8714;10497;6452;2759;3693;1;0;0;2824;4282;6622;7076;2648;4147;1499;427;3130;603;719;614;1194;3130;11204;291;350;325;584;312;369;289;610;5217;678;6321;2238;4049;27;1743;13747;16,32;12,2;0,21;37,44;31387;0;61;63,2;2,46;6,97;6,69;7,2;8,2;-0,7;3,05;4,62;10,52;2,11;6,42;9,58;10423
71;1956;0;2;6;1;2;0;0;0;0;0;0;0;0;1;0;0;0;0;0;0;0;265;47,09;0;1;0;1059;1118;3;402;1329;18;118;53,8;0;1;13281;22659;744;303;441;1394;1706;19952;8892;11060;2996;1214;1782;0;0;0;2039;4067;4903;5841;3789;5809;2020;463;2177;445;494;444;794;2177;10058;208;239;219;393;237;255;225;401;9934;275;2775;987;3116;22;1859;12601;25,5;9,49;0,07;35,61;46630;0;51;94;2,18;5,37;4,76;5,89;6,4;-1,7;1,49;3,91;6,86;1,39;4,15;9,28;10528
72;1951;0;29;8;1;5;0;0;0;1;0;0;1;0;0;1;0;1;0;0;1;2;287;46,33;1;0;0;1183;1288;1;380;1440;35;152;52;1;1;13547;23972;790;352;438;1353;1706;21176;9487;11689;3084;1397;1687;0;0;0;2265;4194;5616;6075;3800;5822;2022;428;2471;483;589;499;900;2471;10770;248;264;231;440;235;325;268;460;9960;348;3141;1120;3426;19;1929;13202;24,01;10,19;0,07;34,92;46882;0;58;81,2;2,17;5,3;5;5,56;7,4;-1,8;2,58;4,42;6,69;1,79;4,26;8,34;11203
73;1951;0;32;4;7;1;1;0;0;0;0;0;0;0;1;0;0;0;0;0;0;1;299;45,33;0;0;0;1200;1277;3;402;1254;41;169;45,9;0;0;13922;24495;808;333;475;1365;1647;21003;9404;11599;3625;1625;2000;0;0;0;2302;4048;6431;6438;3588;5276;1688;410;2477;534;571;460;912;2477;11063;261;277;211;451;273;294;249;461;10680;309;2938;1049;3464;25;1992;13432;21,4;10,06;0,07;32,88;46190;0;61;78,9;2,1;5,09;4,51;5,6;7,9;-1,6;1,4;3,42;6,95;1,49;4,4;8,2;11704
74;1957;0;26;6;1;0;0;0;0;0;0;0;0;0;1;0;0;0;1;2;0;0;268;46,48;0;0;0;1107;1131;0;308;853;39;138;55,4;0;1;9204;19358;480;212;268;1330;1723;16690;7456;9234;2856;1211;1645;0;0;0;2053;3198;4099;5280;3071;4728;1657;212;2238;466;553;415;804;2238;8557;234;278;205;390;232;275;210;414;8451;179;2274;609;2560;32;1601;10801;24,19;11,45;0,08;35,59;68837;0;94;130;2,44;4,08;3,94;4,21;8,6;-1,5;1,11;3,46;5,34;0,58;3,79;5,7;8011
75;1956;0;14;5;0;0;1;0;0;0;0;0;0;0;1;0;0;1;0;0;0;1;279;45,98;0;0;0;1561;1559;1;389;1429;48;181;53,8;0;0;14503;26901;743;308;435;1362;1753;23933;10566;13367;3283;1411;1872;0;0;0;2869;4310;6378;6979;4100;6365;2265;284;3120;652;727;613;1128;3120;11798;308;382;290;581;344;345;323;547;11837;344;3276;1047;3524;24;2163;15103;23,51;11,46;0,07;35,65;53844;1;98;87,2;2,25;4,48;4,04;4,85;8,3;-1,3;1,5;2,91;6,24;0,72;3,76;7,21;12082
76;1963;0;16;2;1;1;0;0;0;0;0;0;0;0;0;0;2;0;0;0;0;2;268;47,76;0;0;0;1161;1123;0;281;1135;30;98;63,6;2;0;9938;19902;503;199;304;1451;1904;18510;8084;10426;1559;566;993;1;0;1;2103;3274;3793;5210;3476;5522;2046;192;2284;435;618;402;829;2284;8621;215;316;200;430;220;302;202;399;8996;144;1952;581;2684;23;1741;11281;27,5;11,38;0,04;36,75;61470;0;107;113;2,39;4,38;3,75;4,92;7,6;-1,7;1,14;2,95;5,54;0,69;3,89;7,11;8408
81;1960;0;8;1;1;4;0;0;0;0;0;0;0;0;2;0;0;1;0;0;1;1;0;47,54;0;0;0;203;210;0;52;173;14;29;58,1;1;0;1464;3382;135;59;76;1148;1527;3271;1649;1622;172;74;98;0;0;0;385;462;678;1020;464;837;373;0,19;413;69;96;90;158;413;1683;36;51;48;68;33;45;42;90;515;128;830;362;709;0;249;1699;24,75;12;0,03;44,48;38883;0;18758;83,3;2,62;6,35;5,06;7,92;6,4;-0,8;2,12;2,82;8,04;1,08;7,6;9,47;1315
82;1973;0;1;0;0;1;0;0;0;0;0;0;0;0;0;0;0;0;0;0;0;0;311;45,17;0;0;0;287;297;0;38;116;9;15;75,5;1;0;1318;3346;56;20;36;1402;1995;3105;1439;1666;251;72;179;0;0;0;558;536;491;888;576;873;297;24,09;584;86;149;102;247;584;1513;41;79;43;124;45;70;59;123;1430;26;285;77;385;2;220;1833;25,63;17,4;0,05;33,72;90678;0;138;214;2,96;3,03;2,39;3,56;5,7;1,4;0,63;2,73;2,89;0,64;2,58;5,21;1135
83;1981;0;31;4;1;3;0;0;0;0;0;1;1;0;1;1;1;1;0;0;1;2;326;47,33;1;0;0;2801;2984;0;564;1775;93;348;65,2;10;0;19662;43887;1644;686;958;1259;1678;40645;19026;21619;3738;1558;2180;0;0;0;5315;6080;8345;12232;8599;11915;3316;156;5785;929;1525;1028;2303;5785;20379;451;740;500;1110;478;785;528;1193;11383;1319;8228;3349;6965;16;3802;23508;26,42;13,03;0,06;27,58;48909;0;289;112;2,59;6,36;5,61;7,03;6,7;-1,2;2,39;4,65;7,5;2,13;5,74;9,34;17118
84;1969;0;46;10;1;5;0;1;0;0;1;0;0;0;0;0;1;1;1;0;1;3;312;48,83;0;0;1;2389;2573;0;671;2594;45;300;65,7;10;0;21466;45354;1914;804;1110;1159;1578;40295;18445;21850;5675;2518;3157;1;0;0;4563;5868;9854;11916;8353;13153;4800;345;4962;942;1170;994;1856;4962;20645;463;565;490;871;479;605;504;985;9609;1746;10628;4906;7484;35;3610;24709;28,86;10,79;0,09;35,22;35594;0;136;68,6;2,36;7,1;6,26;7,87;6,5;-1,9;2,33;4,73;8,98;2,66;6,79;10,16;19496
85;1980;0;24;5;1;0;1;0;1;0;0;0;0;0;1;0;1;2;0;0;1;5;315;50,33;0;0;0;1829;1914;0;412;1343;36;161;83,8;2;0;13539;32346;821;316;505;1500;1977;31108;14557;16551;1897;811;1086;1;1;0;3484;3754;5955;7662;8888;11491;2603;156;3743;687;852;768;1436;3743;15059;349;422;391;667;338;430;377;769;11512;419;4557;1725;5398;17;3542;17287;34,26;11,34;0,04;21,83;61899;0;215;114;2,64;4,88;3,97;5,7;6,2;-1,9;1,02;3,6;5,27;1,07;4,39;7,95;12522
86;1990;0;49;6;0;8;0;0;0;1;0;0;0;0;2;1;1;1;0;0;2;7;311;38,54;3;1;0;7202;7700;0;369;1500;273;863;54;15;0;26887;63651;2485;1012;1473;1114;1471;55889;26820;29069;8153;3684;4469;0;1;0;13542;9307;14519;18596;5020;7687;2667;72,3;14902;2211;3478;2875;6338;14902;30328;1069;1695;1349;3089;1142;1783;1526;3249;16945;1413;9310;3274;7942;29;5049;33323;11,81;23,27;0,09;36,13;46290;0;898;80,2;2,79;6,06;5,16;6,88;10,4;-1;2,61;4,41;6,63;2,71;6,68;8,3;22939
87;1995;0;18;2;0;2;0;0;1;0;0;0;0;0;0;0;1;0;0;0;1;2;331;39,35;1;0;0;3734;3854;2;199;604;95;335;59;8;0;12666;35240;867;333;534;1446;1923;32762;15828;16934;1803;692;1111;1;0;0;7344;6250;6194;10020;4099;5432;1333;48,86;7588;1330;1857;1455;2946;7588;16920;677;880;737;1440;653;977;718;1506;12871;375;2447;814;3894;20;2611;18320;15,14;21,95;0,02;23,54;72361;0;699;157;3,13;4;3,23;4,7;12;1,5;0,73;2,73;4,69;1,16;3,77;6,74;11038
88;2007;0;12;2;0;1;0;0;0;0;0;0;0;0;0;0;0;0;0;0;1;2;315;34,66;1;0;0;2885;3078;0;51;103;117;347;62,9;1;0;6957;19075;406;162;244;1083;1430;17790;8830;8960;1138;517;621;0;0;0;5435;2480;4264;5359;851;1537;686;7,22;5963;889;1379;1112;2583;5963;9428;429;696;533;1227;460;683;579;1356;6473;184;1147;381;1743;2;1575;9647;7,11;31,5;0,03;43,91;67420;0;2649;121;3,24;3,49;2,81;4,16;13,8;-0,6;1;1,96;4,05;0,77;3,4;5,93;5845
91;1969;0;15;5;1;2;0;0;0;0;0;0;0;0;1;0;5;1;0;2;1;2;252;48,58;1;0;0;624;633;0;208;725;16;98;52,6;13;0;6355;12804;536;248;288;1331;1687;11761;5412;6349;1305;646;659;2;2;0;1179;1903;2499;3954;1930;3269;1339;7,58;1257;235;313;259;450;1257;5929;100;160;132;232;135;153;127;218;4367;249;1947;815;2090;10;1196;6875;24,85;9,62;0,06;41,73;44964;0;1746;82,4;2,34;6,73;6,42;7,03;5;-1;2,97;5,17;8,37;2,01;7,28;8,12;5588
92;1949;0;23;6;3;0;1;0;0;0;0;0;0;0;0;1;0;1;0;0;1;1;249;46,87;0;0;0;1185;1228;6;388;1150;36;144;53;0;1;12814;24165;696;309;387;1333;1668;20598;9385;11213;3564;1589;1975;0;0;0;2252;4171;5192;6602;3828;5948;2120;324;2413;448;567;474;924;2413;11035;235;274;243;433;213;293;231;491;10325;277;2871;916;3301;46;2045;13130;24,64;9,99;0,08;36,23;55125;0;76;115;2,32;4,57;4,26;4,85;6,3;-1,1;0,62;3,74;5,92;1,24;4,38;6,54;10411
93;1973;0;19;1;0;0;0;0;0;0;0;0;0;0;0;0;1;0;0;0;0;0;273;46,18;0;0;0;1032;1012;0;218;671;33;102;61,2;2;0;7430;16220;419;184;235;1415;1886;14573;6738;7835;1602;679;923;0;1;0;1930;2905;2985;4236;2775;4164;1389;11,5;2044;325;583;368;768;2044;7489;150;290;193;399;175;293;175;369;6952;158;1520;523;1966;27;1392;8731;25,32;12,64;0,07;32,75;65330;0;1425;141;2,61;4,38;4,02;4,72;6,9;-1,4;1,38;3,71;5,5;0,88;4,41;6,32;6193
94;1969;0;31;2;1;7;0;0;0;0;0;0;0;0;2;1;2;1;0;0;2;4;310;46,6;1;0;0;1795;1971;0;411;1603;53;270;60;4;1;14533;29802;1236;524;712;1177;1572;26476;12124;14352;3615;1620;1995;1;0;0;3559;4364;6221;8154;4880;7504;2624;219;3766;726;913;707;1420;3766;13602;342;447;338;668;384;466;369;752;6748;834;6203;2776;4947;40;2258;16200;24,97;12,52;0,09;34,8;37335;0;140;85,1;2,41;6,92;6,28;7,48;8,5;-1;2,8;5,46;8,25;2,41;6,57;9,77;12508
95;2002;0;1;0;0;0;0;0;0;0;0;0;0;0;0;0;0;0;0;0;0;0;264;37,17;0;0;0;853;892;0;40;65;23;86;57,7;0;0;2588;7048;113;43;70;1248;1891;6187;2938;3249;669;225;444;0;0;0;1635;1315;1184;2106;553;808;255;21,08;1745;220;511;299;715;1745;3283;111;257;153;332;109;254;146;383;2759;44;379;143;518;2;432;3765;11,14;25,45;0,06;30,63;90897;0;330;132;3,45;2,61;2,22;2,93;10,9;-1,5;0;2,12;3,17;0,24;2,18;4,61;1986
96;1987;0;2;0;0;1;0;0;0;0;0;0;0;0;1;0;0;0;0;0;0;0;289;42,11;0;0;0;269;270;0;31;37;9;16;60,2;1;0;1142;2998;51;17;34;1241;1802;2599;1211;1388;317;125;192;0;0;0;524;530;498;872;426;574;148;8,02;539;63;166;91;219;539;1384;34;84;51;100;29;82;40;119;1158;33;226;85;341;1;208;1614;19,1;18,48;0,07;26,03;91933;0;353;156;3,22;2,84;2,12;3,44;6,7;4,1;0;1,51;3,38;1,22;2,12;5,24;905
97;1992;0;16;3;0;1;0;0;0;0;0;0;0;0;0;0;1;1;0;0;1;2;310;40,92;1;0;0;2573;2699;0;210;502;55;245;53,3;5;0;10351;27323;651;270;381;1335;1819;24640;11774;12866;2928;1122;1806;1;0;0;4575;5591;4405;8334;3250;4418;1168;47,31;5272;746;1593;900;2033;5272;12779;357;737;450;1029;389;856;450;1004;9987;336;2317;885;3067;40;2059;14544;15,63;19,12;0,06;26,51;72999;0;583;158;3,14;3,76;3,39;4,08;9,2;0,2;0,57;3,02;5;0,38;3,8;5,72;8770
101;1977;0;12;0;0;3;0;0;1;0;0;0;0;0;3;1;1;0;0;0;0;2;299;43,53;1;0;0;1185;1188;0;178;626;21;137;43,6;5;0;7443;17543;1297;562;735;1017;1327;14571;6883;7688;3006;1455;1551;1;0;1;2156;3345;3439;5623;1935;2980;1045;138;2373;381;697;381;914;2373;8302;196;343;188;458;185;354;193;456;2313;894;4352;1933;2736;22;1018;9241;16,84;13,5;0,13;37,2;31467;0;129;74;2,65;10,8;9,58;11,96;6,8;-0,9;5,21;8,27;12,34;7,3;11,52;13,83;6629
102;1964;0;27;4;0;4;0;0;0;0;0;0;0;1;1;0;0;1;1;0;1;3;271;45,28;0;0;0;2251;2448;0;563;2045;52;290;45,9;2;2;20107;41401;2485;1063;1422;1060;1381;32876;15141;17735;9106;4203;4903;0;0;0;4301;6911;9751;12012;5102;8426;3324;309;4699;864;1250;856;1729;4699;19113;430;591;394;836;434;659;462;893;7310;1644;10424;4492;6950;43;2765;22288;20,25;11,19;0,17;41,14;29648;0;138;67,1;2,39;8,92;8,02;9,75;7,5;-0,9;3,58;6,59;10,98;3,97;8,31;12,87;17566
103;1973;0;2;4;1;1;0;0;0;1;0;0;1;0;0;0;1;1;0;1;2;1;304;45,88;0;1;0;2158;2304;1;476;1676;40;236;51,7;7;0;16367;36062;2060;942;1118;1072;1472;29651;13807;15844;6925;3249;3676;0;0;0;4003;6201;7184;10736;4634;7938;3304;220;4462;728;1217;836;1681;4462;16887;330;589;404;835;398;628;432;846;5302;1677;9167;4143;5971;22;2295;19175;21,87;12,2;0,15;42,51;31918;0;168;74;2,57;8,82;8,34;9,28;5,6;-0,6;4,47;7,23;10,72;4,29;9,39;10,72;14237
104;1971;0;53;13;0;3;0;2;0;1;0;0;0;1;2;1;0;0;0;0;1;6;321;48,82;0;0;0;3737;3802;2;994;3655;65;402;67,5;5;0;30266;65833;3098;1366;1732;1102;1542;54838;25047;29791;12129;5578;6551;0;0;0;6918;9123;12856;17696;11980;19240;7260;238;7539;1272;1972;1369;2926;7539;30086;639;993;658;1447;633;979;711;1479;8905;2658;17939;8636;11387;96;4663;35747;29,05;11,26;0,14;35,89;32611;0;285;75,5;2,5;8,05;7,46;8,59;6,1;-0,7;4,35;6,35;9,5;3,64;7,46;10,9;26839
105;1974;0;16;2;0;5;0;0;0;0;0;0;0;0;0;0;0;1;0;0;1;3;289;46,04;0;0;0;1215;1258;0;261;786;29;114;55,9;2;0;8496;19337;871;370;501;1009;1432;15321;7143;8178;4258;1886;2372;0;0;0;2265;3017;4117;5412;2644;4526;1882;21,71;2473;439;625;463;946;2473;8970;225;323;200;467;214;302;263;479;2837;697;5033;2174;3351;17;1354;10367;23,23;12,63;0,17;40,32;33454;0;919;71,8;2,64;7,16;6,41;7,84;6,2;-1,4;2,28;5,77;8,36;3,6;7,06;9,77;7428
106;2007;0;1;1;0;0;0;0;0;0;0;0;0;0;0;0;0;0;0;1;0;0;308;37,28;1;0;0;640;681;0;30;66;26;100;41,3;0;0;2319;5966;346;124;222;1060;1376;5394;2685;2709;480;241;239;0;0;0;1213;895;1424;2017;340;417;77;10,88;1321;177;290;246;608;1321;2996;86;159;116;279;91;131;130;329;1054;92;1093;271;964;0;596;2970;6,74;22,49;0,06;18,94;37421;0;543;74,8;2,65;8,25;6;10,44;8;-0,1;6,35;5,29;6,49;5,01;11,11;11,24;2213
107;1973;0;4;8;2;4;1;0;2;1;0;1;0;0;1;1;2;2;0;0;4;5;309;48,54;2;0;0;2946;3133;0;749;2610;50;368;64,6;13;1;23154;50906;2494;1080;1414;1011;1488;44912;20835;24077;6687;3055;3632;2;0;1;5438;7283;9129;14946;8611;14110;5499;145;6079;1010;1714;1082;2273;6079;23574;486;817;514;1129;524;897;568;1144;5962;2634;14027;6961;8533;49;3165;27332;27,46;11,78;0,09;37,51;31644;0;361;68,7;2,48;8,23;7,39;9,01;6,3;-1;4,09;6,51;9,11;3,81;8,8;10,49;20844
111;1966;0;12;4;1;1;0;0;0;1;0;0;0;0;1;0;0;0;0;0;0;2;305;46,73;0;0;0;1209;1277;0;377;1260;26;174;51,7;3;0;10997;22214;1313;600;713;1114;1443;18102;8239;9863;4593;2232;2361;0;0;0;2277;3278;5207;6203;3294;5249;1955;346;2486;514;601;486;885;2486;10230;245;289;246;429;269;312;240;456;3815;781;5909;2446;3949;19;1581;11984;23,12;10,95;0,15;37,76;29444;0;67;68,2;2,36;9,15;8,68;9,58;6,8;-1,3;5,86;7,52;10,87;3,7;8,43;12,2;9617
112;1972;0;2;6;3;0;0;0;0;0;0;0;0;0;4;1;0;1;0;0;2;1;312;45;0;0;0;1947;2035;1;433;1554;36;217;47;4;1;15147;33300;1808;773;1035;1094;1449;25818;11688;14130;7838;3697;4141;0;0;0;3573;5607;7773;9612;4236;6735;2499;306;3982;741;1050;727;1464;3982;15283;360;526;344;717;381;524;383;747;4674;1191;9381;3724;5553;20;2098;18017;20,13;11,83;0,19;38,62;30002;0;111;65,9;2,55;8,05;7,29;8,73;8,1;0;3,98;5,97;9,86;3,52;7,67;11,27;13209
113;1972;0;32;7;3;4;0;1;1;0;0;0;1;0;1;1;1;1;0;1;1;2;309;44,16;0;1;0;2519;2642;2;471;1557;36;298;46,4;8;0;17279;39391;2856;1298;1558;1000;1340;30992;14416;16576;8736;4168;4568;0;0;0;4726;6677;8844;11706;4699;7438;2739;212;5161;910;1344;945;1962;5161;18500;442;679;458;940;468;665;487;1022;4893;2108;11012;4908;5784;56;2204;20891;18,69;12,99;0,17;37,3;28092;0;190;64,8;2,59;10,79;10,14;11,4;7,1;-0,7;6,05;8,42;13,24;6,35;10,59;13,61;15311
114;1970;0;22;4;1;3;0;1;0;0;0;0;0;0;1;1;1;1;1;0;0;2;304;45,48;0;0;0;2827;2995;1;519;2083;43;295;52,5;2;1;19477;46474;2565;1107;1458;1014;1409;35354;15931;19423;11728;5509;6219;1;1;0;5255;7724;10041;13127;6524;10327;3803;301;5822;1039;1572;1060;2151;5822;21208;546;760;501;1020;493;812;559;1131;4982;1922;14256;5815;7399;66;2609;25266;22,08;12,37;0,21;37,09;29307;0;159;68,4;2,7;8,54;7,86;9,14;7,3;-1,1;3,07;6,76;10,64;3,84;8,53;11,3;17469
115;1974;0;19;2;0;2;1;0;0;1;0;0;0;0;2;0;0;0;0;0;1;3;309;43,02;0;0;0;2576;2553;1;371;1239;30;282;46,5;6;0;14171;35395;2339;1000;1339;916;1262;26778;12548;14230;9169;4320;4849;0;0;0;4578;6577;7664;10365;3747;6211;2464;225;5129;861;1411;914;1943;5129;16647;437;684;469;986;424;727;445;957;3328;1963;10688;4363;5140;21;1606;18748;17,46;14,27;0,21;39,88;27425;0;161;74,3;2,83;9,78;8,6;10,91;7,6;0;4,96;7,81;10,78;5,81;10,48;12,98;12708
116;1988;0;23;4;1;2;0;0;0;0;1;0;0;0;2;0;1;1;0;0;1;4;325;40,7;2;0;0;4528;4710;0;355;1024;98;557;48,5;9;0;19813;47815;2463;978;1485;944;1375;40880;19790;21090;7128;3386;3742;1;0;0;8257;7763;9515;15793;4194;6487;2293;86;9238;1119;2632;1512;3975;9238;23152;571;1307;718;1932;548;1325;794;2043;5949;1473;11678;3943;7778;24;3451;24663;13,43;19,24;0,11;35,02;33558;0;561;72,8;2,75;7,7;6,23;9,12;6,7;0;4,54;5,69;7,14;3,91;9,87;9,99;17437
117;1974;0;22;8;0;1;0;0;0;0;0;0;0;0;0;0;0;1;0;0;0;4;314;42,94;0;0;0;2466;2458;1;279;1140;38;243;49,1;4;0;12417;30925;1865;796;1069;974;1347;24398;11260;13138;7119;3416;3703;0;0;0;4319;5472;6217;9495;3464;5422;1958;205;4924;736;1480;798;1910;4924;14361;364;744;405;953;372;736;393;957;3095;1307;9143;3583;4596;59;1684;16564;17,29;15,62;0,19;36,88;30009;0;156;65,6;2,83;9,07;8,09;9,97;7,9;-1,4;4,3;7,48;9,93;5,1;9,38;12;11120
121;1987;0;19;2;2;2;0;0;0;0;0;0;0;0;1;0;0;2;0;0;1;3;333;43,84;1;1;0;1861;1952;1;232;844;35;194;55;10;1;9167;22996;1452;588;864;922;1237;20731;9767;10964;2363;1113;1250;0;0;0;3370;3722;4106;7432;2649;4366;1717;171;3813;441;1231;632;1509;3813;10827;215;598;313;735;226;633;319;774;1644;1792;6482;3023;3101;16;1030;12169;18,99;16,51;0,08;41,41;29430;0;136;100;2,74;9,82;8,19;11,38;6;-0,3;5,22;7,49;9,64;6,78;11,19;12,84;8437
122;1990;0;15;1;1;2;0;1;0;1;0;0;0;0;1;0;1;1;0;0;1;1;334;41;0;0;0;1096;1153;1;104;317;19;103;42,8;6;0;5228;14250;1211;530;681;850;1126;11589;5626;5963;2552;1216;1336;1;0;0;2123;2729;3037;4334;1361;2027;666;103;2249;380;588;429;852;2249;6915;199;283;205;409;181;305;224;443;1212;1216;4025;1836;1433;4;572;7335;14,06;15,9;0,15;34,61;27367;0;139;90,5;2,96;12,32;11,02;13,58;8,6;0;6,28;11,39;12,53;9,16;14,24;14,57;4772
123;1986;0;13;3;0;1;0;1;0;0;0;0;0;0;1;1;1;1;0;0;1;1;324;41,34;0;0;0;1985;2006;0;189;592;42;234;44,8;4;0;9192;23460;1665;690;975;896;1254;18852;8980;9872;4986;2402;2584;0;1;0;3417;4494;4596;7542;2321;3411;1090;163;3991;567;1257;587;1580;3991;11185;266;639;291;789;301;618;296;791;1975;1243;6741;2831;3187;4;1131;12275;14,21;16,74;0,17;32,71;27478;0;148;78,2;2,87;10,3;8,81;11,71;7,2;-0,7;6,5;8,32;10,11;7,19;11,97;13,06;8296
124;1976;0;16;3;0;4;0;0;0;1;0;0;0;0;2;0;0;1;0;1;1;2;305;41,88;1;0;0;1658;1690;0;212;780;17;165;43,5;3;1;8951;22499;1359;619;740;955;1293;15945;7301;8644;6571;3242;3329;0;0;0;3202;3931;5279;6583;2103;3504;1401;285;3348;625;817;625;1281;3348;10522;302;407;307;642;323;410;318;639;2380;931;6609;2860;2976;6;1112;11977;15,46;14,87;0,26;41,13;27823;0;78;104;2,85;8,81;8,36;9,24;9,4;1,5;4,67;7,21;10,89;6,59;8,66;10,65;7907
125;1962;0;25;2;0;2;0;0;0;0;0;0;0;0;0;1;1;1;0;0;0;2;319;44,07;1;0;0;1659;1719;0;308;1120;15;180;45;5;1;11161;26139;1519;651;868;1062;1400;18716;8491;10225;7907;3944;3963;1;1;0;3065;4423;6127;7663;3003;4861;1858;299;3378;636;914;643;1185;3378;12293;324;441;314;580;312;473;329;605;2872;894;8312;3286;3970;15;1423;13846;18,32;12,69;0,26;39,52;28149;0;91;68;2,71;8,51;7,5;9,47;8,1;-1,9;4,74;5,91;10,16;5,4;8,73;11,37;9808
126;1973;0;18;2;0;1;0;0;1;0;0;0;1;0;0;0;1;1;1;0;0;2;353;43,47;0;0;0;916;979;0;126;495;8;111;43,4;4;0;5503;14022;864;373;491;955;1314;10463;4860;5603;3872;1872;2000;1;1;1;1699;2652;2981;4208;1572;2482;910;187;1895;329;503;329;734;1895;6571;152;236;162;366;177;267;167;368;1120;702;4549;1943;1987;3;543;7451;17,06;13,22;0,23;38,55;27572;0;77;61,3;2,84;8,99;8,1;9,81;6,7;-0,5;3,65;7,47;10,44;4;9,69;11,81;5049
127;1972;0;1;2;0;1;1;0;0;0;0;1;0;0;1;0;0;0;0;0;3;0;320;42,48;0;0;0;1225;1289;0;165;573;12;122;43,3;3;0;6588;17442;1015;431;584;897;1238;11146;5048;6098;6759;3367;3392;0;0;0;2244;3138;4202;5006;1716;2852;1136;164;2514;453;645;471;945;2514;8219;221;315;215;474;232;330;256;471;1084;926;6053;2804;2206;9;579;9223;16,19;14,04;0,35;40,55;24711;0;110;71,1;2,98;8,43;7,42;9,37;9,5;0,3;3,86;6,76;9,48;5,07;9,2;10,88;6016
131;1975;0;32;6;1;4;0;1;2;1;0;1;0;0;1;1;2;2;0;0;2;6;339;43,58;0;0;0;2399;2613;1;364;1317;44;261;48,8;6;1;13664;34690;2943;1375;1568;848;1164;28945;13859;15086;6294;3066;3228;2;1;0;4632;6160;7183;10242;3988;6473;2485;59,73;5012;885;1289;937;1901;5012;16591;424;615;451;909;461;674;486;992;1631;3681;11203;5317;3827;15;868;18099;18,57;14,22;0,14;39,88;24124;0;597;73,6;2,76;12,8;12,1;13,5;8,2;-0,8;8,01;10,32;15,32;7,56;14,58;14,48;12749
132;1964;0;32;5;3;3;0;1;0;0;0;0;0;1;1;0;0;1;1;0;2;1;300;40,82;0;0;1;3071;3249;0;477;1335;39;376;38,5;4;1;17763;42910;3114;1357;1757;893;1214;29326;13813;15513;14248;6980;7268;0;0;0;5889;8131;10805;12358;3596;5727;2131;412;6320;1256;1491;1245;2328;6320;20534;613;705;621;1132;643;786;624;1196;3679;2213;13855;5290;6076;14;1690;22376;13,29;14,5;0,28;38,87;23112;0;107;55,1;2,7;10,15;9,09;11,16;10,1;-0,7;4,61;7,48;12,61;5,57;10,7;13,56;16125
133;1981;0;38;7;2;1;0;0;0;1;0;0;0;0;0;1;2;1;0;0;0;5;302;44,16;1;0;0;2523;2573;2;381;1306;49;314;41,5;15;0;16664;39935;2656;1142;1514;1017;1391;33993;15925;18068;6475;3034;3441;1;1;0;4527;7637;7413;13403;4581;6955;2374;238;5096;810;1526;882;1878;5096;18722;382;776;449;916;428;750;433;962;4177;2067;11281;4546;6471;41;2064;21213;16,72;12,59;0,13;35,95;30752;0;172;66,5;2,67;9,6;8,69;10,42;6,7;-1,1;5,25;8,47;10,13;5,12;10,26;12,16;15130
134;1982;0;34;11;0;4;1;0;1;0;0;0;1;0;1;1;1;1;0;0;0;6;318;44,27;1;0;0;2836;2942;1;439;1421;51;332;46,3;5;0;17910;42540;2842;1224;1618;890;1243;37036;17609;19427;5886;2819;3067;1;1;1;5256;7149;8841;13433;4994;7861;2867;139;5778;990;1517;1047;2224;5778;20218;481;753;508;1094;509;764;539;1130;3611;3469;12668;5481;6000;31;1835;22322;18,17;13,46;0,1;37,7;28902;0;311;79,4;2,67;9,93;8,82;10,99;7,3;-0,6;6,64;7,63;10,59;5,97;10,97;12,39;16074
135;1977;0;23;7;0;4;0;0;0;0;0;0;0;0;0;0;0;1;0;0;0;5;315;44,92;0;0;0;1915;2079;1;328;1225;28;224;53,9;3;0;11851;28249;2093;903;1190;883;1238;23975;11219;12756;4761;2289;2472;0;0;0;3646;4434;6160;7961;3790;6048;2258;234;3994;730;1053;738;1473;3994;13310;351;487;361;716;379;566;377;757;2006;2403;8663;4444;3623;44;1020;14939;21,11;13,9;0,13;38,35;25564;0;125;70,4;2,65;11,56;10,21;12,85;8;-0,8;5,77;9,07;13,1;6,66;13,22;14,21;10842
136;1971;0;29;6;0;2;0;1;0;0;1;0;0;0;3;1;0;1;0;0;1;2;296;43,95;0;0;0;3024;3198;1;548;1812;50;374;45,1;4;2;20261;47314;3255;1465;1790;958;1273;36729;17194;19535;11387;5547;5840;0;0;0;5599;8204;10850;13865;5614;8796;3182;263;6222;1205;1576;1145;2296;6222;22373;603;733;579;1109;602;843;566;1187;4750;2698;14148;6348;7191;37;2221;24941;18,16;12,93;0,19;37,22;26666;0;185;59,1;2,62;10,11;9,41;10,78;8,5;-0,6;5,55;8,17;12,06;5,78;10,6;12,42;18371
141;1979;0;14;4;0;1;0;0;1;0;0;1;0;0;2;1;1;0;0;0;1;2;320;48,2;0;0;0;527;530;1;109;361;11;53;59,8;4;0;3568;8719;474;181;293;1093;1516;7998;3640;4358;974;441;533;1;1;1;891;1384;1496;2606;1481;2342;861;91;1057;171;326;155;405;1057;3968;94;158;64;211;77;168;91;194;1296;601;1969;908;1597;8;631;4751;25,64;11,78;0,07;36,13;35784;0;101;82,4;2,72;8,87;7,1;10,48;5,5;-4,2;1,91;6,61;9,35;4,43;11,43;11,62;3300
142;1999;0;2;0;1;0;0;0;0;0;0;0;0;0;0;0;0;0;0;0;0;0;0;41,08;1;0;0;458;523;0;32;78;14;65;33,8;2;0;2410;6354;377;150;227;1099;1515;6015;2875;3140;356;170;186;0;0;0;808;1538;799;2533;507;676;169;86,51;981;126;369;124;362;981;3057;60;174;43;181;66;195;81;181;1407;155;948;335;945;0;559;3297;9,84;15,4;0,03;25,68;47612;0;75;0;2,92;7,97;6,7;9,12;5,2;-1;3,79;7,85;7,36;4,91;10,89;9,96;2181
143;1976;0;18;2;0;0;0;0;0;0;0;0;0;0;0;0;0;0;0;0;0;2;310;49,72;0;0;0;1240;1335;0;356;1380;31;166;60,6;10;0;11850;26297;1249;494;755;1230;1690;24783;11451;13332;1875;838;1037;0;0;0;2354;4227;3959;8255;4637;7502;2865;152;2575;409;772;460;934;2575;12113;200;368;232;440;209;404;228;494;5743;828;5406;2324;4878;19;2322;14184;28,09;9,66;0,05;37,92;42559;0;179;81,4;2,46;7,75;6,43;8,95;5,9;-2,1;4,01;6,59;7,12;3,05;8,32;10,86;10815
144;1975;0;15;5;0;0;0;1;1;0;0;0;0;0;1;0;1;1;0;0;1;2;313;48,64;0;1;1;1013;1000;0;229;965;23;137;65,1;5;0;8026;17377;951;409;542;1219;1665;15801;7195;8606;1859;797;1062;0;1;0;1821;2637;3072;4874;3207;4973;1766;180;2013;390;542;382;699;2013;7845;207;254;214;338;183;288;168;361;3327;841;3837;1807;3010;26;1335;9532;28,02;11,4;0,08;34,98;37694;0;100;74,2;2,47;9,18;8,39;9,88;7;-1,6;5,94;7,15;10,36;6,37;10,34;10,52;7163
145;1967;0;18;5;0;0;1;0;0;1;0;0;0;0;1;0;0;1;0;0;0;2;327;47;1;0;0;1094;1067;1;235;964;16;145;58,8;2;0;7823;17044;934;433;501;1031;1453;14488;6594;7894;2802;1247;1555;0;0;0;1933;2618;3441;4929;2182;4123;1941;183;2161;341;590;384;846;2161;7746;184;295;188;427;157;295;196;419;2150;860;4643;2062;2919;15;1043;9298;24,51;12,5;0,12;47,24;29820;0;96;69,6;2,51;8,68;8,34;9;6,3;-1,3;4,12;6,08;11,71;3,21;7,88;11,58;6899
146;1966;0;12;4;0;0;0;0;0;0;0;0;0;0;1;0;0;1;0;0;1;2;316;49,57;0;0;0;973;942;0;262;1099;21;120;66,9;3;1;8196;16599;813;335;478;1062;1488;14695;6473;8222;2164;941;1223;0;0;0;1721;2137;3163;4824;2463;4754;2291;290;1915;326;509;356;724;1915;7366;155;262;199;357;171;247;157;367;2617;752;4120;2028;3036;12;1222;9233;28,71;11,36;0,09;47,26;30745;0;59;70,8;2,34;8,16;7,15;9,05;6,5;-1,6;2,47;5,67;9,66;2,75;8,69;10,77;7215
151;1967;0;36;6;1;1;0;1;0;0;0;0;0;0;0;1;0;2;1;0;2;3;305;46,72;0;0;0;2667;2736;1;692;2547;50;339;51,9;8;1;23346;47801;2422;1065;1357;1080;1440;39474;17666;21808;8937;4055;4882;0;0;0;4848;7543;10405;14001;6289;11004;4715;154;5403;992;1436;1016;1959;5403;21500;500;719;507;941;492;717;509;1018;7663;1742;12668;5262;8410;67;3241;26301;23;11,16;0,14;43,42;30442;0;320;66,1;2,42;7,78;7,32;8,18;7,1;-1;2,75;5,78;10,37;3,62;6,76;10,66;19993
152;1973;0;32;5;0;0;0;2;0;1;0;0;0;0;2;1;2;3;0;0;1;2;312;45,73;2;0;0;3647;3866;0;753;2708;70;397;50,4;8;0;27402;61935;3141;1364;1777;1054;1466;50741;23352;27389;11990;5579;6411;2;0;0;6803;10056;13308;18247;8605;13521;4916;275;7513;1289;2028;1323;2873;7513;28582;646;999;601;1401;643;1029;722;1472;8956;2473;16734;6814;10488;39;4207;33353;21,53;11,98;0,15;37,02;32028;0;232;66,7;2,59;7,76;7,1;8,36;7,3;-1,3;3,52;5,48;9,94;3,17;7,58;10,46;24178
153;1965;0;22;2;0;3;0;0;0;0;0;0;0;0;0;0;0;0;0;0;1;1;306;46,25;0;0;0;1339;1371;0;329;1402;22;168;48,3;0;0;12201;24183;1188;526;662;1145;1465;19655;8686;10969;4965;2244;2721;0;0;0;2442;3813;5607;7058;3130;5263;2133;349;2710;461;710;530;1009;2710;10748;232;356;251;500;229;354;279;509;4907;690;5930;2167;4322;31;1921;13435;21,57;11,01;0,15;42,5;32082;0;72;64,2;2,37;7,38;7,03;7,69;6,4;-2,1;2,93;5,02;10,56;3,69;6,16;10,17;10367
154;1964;0;21;5;1;1;0;0;1;0;0;0;0;0;0;0;1;0;0;0;1;2;304;47,29;0;0;0;1212;1234;1;353;1288;41;169;55,8;5;1;10894;20440;950;395;555;1213;1578;17673;7851;9822;3053;1354;1699;1;1;1;2165;2988;4326;6007;2953;4954;2001;240;2446;400;646;471;929;2446;9122;185;337;230;460;215;309;241;469;5153;417;4088;1501;3691;43;1831;11318;24;11,8;0,1;41,7;37233;0;89;68;2,28;7,32;6,49;8,06;6;-2;2,67;5,21;8,98;2,85;6,91;10,24;9088
155;1976;0;15;2;0;1;0;0;0;0;0;0;0;0;3;0;0;1;0;0;0;2;299;48,31;1;1;0;1034;1109;2;251;995;34;149;64,2;4;1;9002;17546;738;312;426;1265;1667;16194;7308;8886;1629;709;920;0;0;0;1945;2368;3342;5033;3226;4858;1632;173;2143;344;566;376;857;2143;7914;165;288;173;408;179;278;203;449;4748;553;3103;1381;2971;19;1562;9632;27,07;12,02;0,06;33,84;44222;0;105;74,6;2,37;7,07;6,39;7,67;5,6;-1,6;0,78;4,79;9,5;2,32;5,7;10,49;7509
156;1983;0;5;0;0;1;0;0;0;0;0;0;0;0;0;0;1;1;0;0;1;1;286;45,2;1;0;0;953;945;0;139;510;28;126;58,8;2;0;5886;12287;404;178;226;1361;1790;11147;5202;5945;1337;626;711;1;0;0;1679;1955;2204;3687;1815;2762;947;126;1898;277;519;356;746;1898;5731;136;271;173;373;141;248;183;373;4823;136;1192;425;1685;16;1074;6556;21,82;15,2;0,05;34,18;61278;0;101;96;2,55;5,31;4,85;5,74;5,6;-1,9;1;3,38;7,4;1,66;5,17;7,36;4903
157;1978;0;4;0;0;0;0;0;0;0;0;0;0;0;0;0;0;0;0;0;0;0;286;45,73;0;0;0;491;462;0;76;255;22;76;61,2;0;0;3110;6338;224;65;159;1367;1840;5666;2535;3131;701;322;379;0;0;0;859;894;1231;1845;1034;1509;475;117;953;150;255;180;368;953;2865;89;133;84;185;61;122;96;183;2455;92;659;199;848;8;643;3473;22,99;14,97;0,06;30,87;56253;0;56;94;2,45;5,81;3,65;7,67;6,5;-2,4;0,79;3,21;4,92;1,56;6,69;10,08;2602
158;1979;0;0;0;0;0;0;0;0;0;0;0;0;0;0;0;0;0;0;0;0;0;303;44,79;0;0;0;117;131;0;15;54;3;16;59,9;2;0;736;1607;35;16;19;1264;1863;1392;601;791;188;86;102;0;0;0;237;253;281;469;262;367;105;62,92;248;40;60;55;93;248;696;16;33;29;39;24;27;26;54;634;6;139;31;212;5;142;911;21,77;15,7;0,06;27,33;69982;0;25;0;2,73;3,59;3,64;3,56;12,1;1,6;1,5;3,76;4,26;3,27;3,84;3,49;579
159;1985;0;8;1;0;1;0;0;0;0;0;0;0;0;2;0;0;1;0;0;1;1;286;45,09;0;0;0;1595;1694;0;209;792;54;170;59,6;3;0;9398;21768;655;251;404;1423;1965;20820;9832;10988;1254;505;749;0;0;0;2908;4007;3347;6519;3451;4987;1536;157;3289;483;963;588;1255;3289;10199;235;464;269;627;248;499;319;628;8724;274;1833;551;2906;37;1950;11569;22,45;14,9;0,03;29,9;70459;1;143;114;2,76;4,89;3,95;5,75;7,7;-0,8;0,82;3,08;5,95;0,42;4,1;8,63;8006
161;1993;0;3;0;1;0;0;0;0;0;0;0;0;0;0;0;1;0;0;0;0;0;336;41,24;0;0;0;632;712;0;48;117;21;51;53,7;3;0;2682;6933;196;75;121;1417;2000;6124;3014;3110;767;346;421;1;0;0;1177;1321;1044;2271;875;1120;245;64;1344;155;425;204;560;1344;3387;75;196;99;262;80;229;105;298;2606;36;469;120;892;6;568;3546;15,44;19,5;0,05;20,86;85614;0;107;202;3,07;4,42;3,51;5,27;8,5;0,8;0,44;3,53;4,82;0,7;2,77;8,38;2246
162;1993;0;3;0;0;0;0;0;0;0;0;0;1;0;0;0;0;0;1;0;0;0;233;41,71;0;0;0;1255;1363;1;97;235;19;123;48,2;4;0;5458;14948;363;147;216;1355;1897;12521;5993;6528;2314;1056;1258;0;0;0;2380;2910;2317;5012;1748;2329;581;48;2618;324;816;440;1038;2618;7160;160;392;206;497;164;424;234;541;5899;133;1115;319;1795;10;1136;7788;14,88;17,65;0,05;24,05;85549;0;314;212;3,04;3,69;3,2;4,13;7,2;-0,7;0,78;2,71;4,47;0,56;3,01;6,03;4882
163;1978;0;22;3;1;3;0;0;1;0;0;1;0;1;1;1;1;3;0;1;2;4;307;48,24;1;1;0;2270;2519;1;477;1778;54;281;63,4;15;0;18171;39708;1603;639;964;1127;1609;36232;16929;19303;4049;1828;2221;1;1;0;4394;5367;7540;11486;7390;10921;3531;162;4789;777;1240;891;1881;4789;18425;354;563;433;920;423;677;458;961;8777;1373;8056;4068;6975;32;3092;21283;26,92;11,89;0,06;31,36;42659;0;252;82,4;2,5;6,78;5,69;7,76;6,4;-1,4;1,89;5,14;7,34;2,7;6,27;10,12;16129
164;1974;0;44;13;2;5;1;1;0;0;1;0;0;0;1;0;0;3;0;0;2;6;224;47,63;0;0;0;3100;3288;1;702;2568;67;457;62,1;19;0;24111;51844;2581;1086;1495;1087;1516;46178;21284;24894;6315;2831;3484;0;0;0;5752;7402;10158;14812;8855;13720;4865;200;6388;997;1736;1142;2513;6388;23784;493;823;565;1219;504;913;577;1294;8980;2137;12687;5688;8834;27;3687;28060;26,14;12,17;0,08;35,11;35784;0;266;73,3;2,45;8,22;7,32;9,05;6,4;-1,3;3,65;5,72;9,91;2,89;8,44;11,16;21422
165;1976;0;15;2;0;2;0;0;1;1;0;0;0;0;1;1;1;1;0;0;1;1;310;45,94;0;0;0;919;936;0;164;623;23;93;49,6;13;0;6527;15374;824;373;451;1180;1553;13831;6621;7210;1642;717;925;1;1;0;1704;2635;2818;4907;2119;3310;1191;130;1855;300;526;325;704;1855;7343;144;277;146;352;156;249;179;352;3059;588;3206;1120;2891;17;1153;8031;21,17;11,99;0,08;36,7;38900;0;121;80,5;2,66;8,2;7,46;8,95;7,4;-0,5;4,36;6,47;9,3;2,63;8,16;11,55;5827
166;2005;0;18;0;1;3;0;1;0;0;0;0;0;0;0;0;0;0;0;0;1;4;270;35,22;4;0;0;8341;8627;0;222;535;327;928;52,4;9;0;25898;66210;1970;734;1236;1257;1664;56715;28156;28559;6538;2809;3729;0;0;0;16701;8829;17085;18504;4016;5091;1075;37;16968;3012;3607;3481;6868;16968;32433;1465;1766;1760;3350;1547;1841;1721;3518;21429;509;4701;1170;7125;10;6157;33777;7,53;26,83;0,06;20,84;58384;0;1703;128;2,93;4,71;3,61;5,76;15,4;2,1;1,8;2,76;5,01;1,36;4,63;8,28;21598
171;1976;0;46;13;1;4;1;0;1;1;1;0;1;1;1;1;1;2;0;0;2;6;315;42,38;1;1;0;3596;3684;1;396;1475;51;366;46,8;5;1;18265;46156;3579;1475;2104;911;1268;36072;17045;19027;10565;5135;5430;1;1;0;6623;8212;9687;14078;4694;7556;2862;50,78;7280;1234;1952;1331;2763;7280;22013;649;935;639;1373;585;1017;692;1390;3206;3368;14159;5882;6341;39;1714;24143;16,25;15,61;0,18;39,3;26701;0;925;67,8;2,81;11,46;9,69;13,15;8,5;-0,2;7,01;9,41;10,88;7,68;13,32;14,74;16592
172;1965;0;1;0;0;1;0;0;0;1;0;0;0;0;0;0;2;1;0;0;1;4;325;38,4;2;0;0;1519;1641;0;125;460;13;112;43;3;0;5649;16640;1471;649;822;858;1188;10814;5150;5664;6172;3195;2977;1;0;0;2941;3406;3910;4510;1020;1873;853;157;3160;584;765;622;1189;3160;8223;292;388;289;550;292;377;333;639;694;1136;5650;2213;1802;8;367;8417;11,45;18,6;0,33;47,04;21071;0;108;61,2;3,28;12,74;11,08;14,46;12;0,5;5,54;9,27;15,6;7,19;16;15,79;5177
173;1998;0;15;1;0;2;0;0;0;0;0;0;0;0;0;0;0;1;0;0;1;3;308;36,93;1;0;0;2340;2507;0;89;242;48;323;47,2;4;0;8215;20813;1169;393;776;906;1322;17651;8595;9056;3070;1453;1617;0;0;0;4331;3268;5128;6241;1398;1845;447;31,65;4847;663;1418;789;1977;4847;10087;331;687;394;928;332;731;395;1049;2214;657;5239;1337;3276;6;1334;10726;8,66;23,39;0,11;24,23;31437;0;638;102;2,86;8,25;5,77;10,56;11;3,4;4,2;5,45;6,58;4,98;10,82;12,02;7254
174;1980;0;21;4;2;2;0;0;1;0;0;0;0;0;2;1;3;2;1;0;1;3;320;43,25;0;1;1;2600;2808;0;323;1024;53;241;45,2;4;0;14446;37319;2408;1016;1392;968;1384;29901;14242;15659;7889;3903;3986;1;0;0;4793;7016;6961;12186;4298;6363;2065;248;5408;849;1613;910;2036;5408;17918;414;762;432;992;435;851;478;1044;3154;2137;11066;4368;5700;25;1756;19401;16,81;14,31;0,17;32,32;30320;0;154;67,1;2,85;9,43;8,18;10,63;7,3;-0,8;4,47;8,39;9,36;5,06;10,8;12,27;13258
175;1973;0;24;5;2;4;0;0;0;0;0;0;0;0;1;0;0;2;0;0;1;4;307;46,56;1;0;0;1958;2102;0;380;1567;33;255;59,2;5;0;13965;32901;1933;783;1150;1016;1488;26585;12344;14241;6088;2885;3203;0;0;0;3819;5148;6749;9160;4637;8025;3388;169;4060;732;1091;770;1467;4060;15357;352;517;379;710;380;574;391;757;3188;1749;9442;4533;5227;32;1684;17544;24,75;12,43;0,15;42,34;29952;0;194;80,8;2,61;9,37;7,85;10,81;7,1;0,4;5,19;6,51;10,02;4,92;9,78;13,47;12540
181;1981;0;44;10;2;0;0;1;0;0;1;0;1;0;1;1;1;1;1;0;1;7;318;42,09;2;0;0;3193;3316;0;391;1298;52;381;48,5;8;1;14947;39578;3132;1350;1782;906;1294;32834;15707;17127;7407;3577;3830;0;0;0;5829;6998;8451;11629;4507;6671;2164;9,55;6509;1009;1813;1165;2522;6509;18971;493;866;571;1263;516;947;594;1259;2560;3100;12044;5107;5206;10;1529;20607;16,47;16,18;0,14;33,72;26309;0;4305;67,1;2,7;11,75;10,31;13,14;7,7;-1,8;6,75;10,52;11,48;9,14;13,52;14,11;14886
182;1981;0;21;5;0;3;1;0;0;1;0;0;0;0;1;0;1;1;0;0;1;3;331;46,58;0;0;0;1331;1513;0;229;845;25;133;52,8;14;1;9740;24110;1324;532;792;1181;1637;21671;10397;11274;2617;1238;1379;1;1;0;2604;3763;4645;7384;4390;5714;1324;119;2844;459;778;541;1066;2844;11515;203;356;264;508;256;422;277;558;3431;1053;6194;2100;4688;10;1841;12595;22,82;11,71;0,04;23,54;38641;0;208;90,1;2,68;8,52;6,99;10;5,4;-1,6;3,63;5,89;9,06;3,6;9,51;11,98;9050
183;2009;0;16;1;0;2;0;0;0;0;0;0;0;0;0;0;1;0;0;0;0;1;320;34,66;1;1;0;5920;6418;2;198;290;199;925;41,4;10;0;24052;51129;2474;873;1601;939;1323;44106;21882;22224;6098;2805;3293;1;0;0;11896;6390;16909;13329;2029;2605;576;77,73;12338;2324;1994;2818;5202;12338;25094;1175;911;1347;2487;1149;1083;1471;2715;10007;708;9284;1781;8162;0;4874;26035;4,69;24,58;0,08;23,07;35065;0;634;88,5;2,54;6,81;4,96;8,57;14,9;2,7;5,26;4,15;6,01;5,03;7,8;10,58;19797
191;1972;0;38;4;0;4;0;1;1;1;1;0;0;0;1;1;3;2;1;1;4;3;329;44,23;2;1;0;2547;2705;0;439;1387;37;293;54,4;7;1;14267;35086;2390;1093;1297;862;1293;27906;13358;14548;7642;3783;3859;1;1;1;4799;5694;7355;10110;4186;7128;2942;16,7;5252;841;1439;903;2069;5252;16925;439;695;425;988;402;744;478;1081;2641;2699;10827;5049;4460;2;1336;18161;20,44;14,77;0,13;40,66;25968;0;2149;61,4;2,66;10,55;9,73;11,36;7,7;-0,3;6,01;8,83;11,83;6,9;11,79;12,36;13371
192;1997;0;1;3;0;1;0;1;1;0;0;0;1;0;0;1;0;0;0;0;0;2;259;43,13;1;0;0;1042;1080;1;110;304;26;106;32;0;0;6599;17431;1149;450;699;1168;1591;16229;7714;8515;1317;636;681;1;1;0;1744;4259;2163;6978;1726;2287;561;69,86;2122;251;807;312;752;2122;8321;120;394;149;379;131;413;163;373;3012;529;3428;1098;3142;1;1376;9110;12,14;12,09;0,05;25,26;41478;0;256;92;2,87;8,79;7,18;10,28;4,3;-1,6;3,96;9,31;7,44;4,36;12,31;11,51;6109
193;2003;0;9;2;0;0;0;0;0;0;0;0;0;0;0;0;0;0;0;0;0;3;298;37,25;1;0;0;2328;2389;1;60;148;67;288;48,1;0;0;6999;17867;627;191;436;1106;1462;17266;8448;8818;695;304;391;0;0;0;3929;2851;2692;7210;844;1185;341;283;4717;349;1733;566;2069;4717;8666;163;866;257;1042;186;867;309;1027;3303;162;2706;541;3054;0;1866;9201;6,22;26,26;0,02;28,8;42775;0;64;90,9;2,85;5,14;3,25;6,89;4,7;-1,1;1,83;3,05;3,71;1,94;6,55;8,3;6307
194;2018;0;0;0;0;0;0;0;0;0;0;0;0;0;0;0;0;0;0;0;0;0;276;32,42;1;0;0;500;539;0;9;3;8;49;35,3;0;0;3583;8944;283;98;185;754;1438;4020;2078;1942;410;176;234;0;0;0;1990;1089;3778;1882;171;205;34;2,34;1039;274;187;223;355;1039;4525;132;102;91;175;142;85;132;180;904;19;954;88;826;0;398;4419;2,62;23,45;0,05;12,93;34452;0;1057;100;2,46;4,13;2,87;5,39;25,2;59,5;1,99;2,75;3,34;2,67;4,86;7,51;1804
201;1975;0;2;4;0;1;0;0;0;1;0;0;0;0;1;0;0;1;0;0;0;2;285;42,92;0;0;0;2038;2127;0;278;1084;44;271;43,1;2;0;12331;28171;1616;699;917;964;1328;22946;10748;12198;5504;2711;2793;0;0;0;3678;4802;6340;8947;2643;4404;1761;127;4165;649;1221;705;1590;4165;13290;306;606;323;803;343;615;382;787;4465;1121;7127;2678;4301;14;1888;14881;15,5;14,64;0,14;42,11;33593;0;228;63,8;2,58;8,25;7,35;9,1;7,1;-0,9;3,93;5,45;10,27;3,21;8,22;11,57;11044
202;1970;0;1;0;1;1;0;0;0;0;0;0;0;0;0;0;1;0;0;0;1;3;336;45,82;0;0;0;574;592;0;133;516;7;61;50,8;2;0;4118;9274;656;263;393;909;1244;7836;3610;4226;1523;690;833;1;1;0;1112;1480;1980;2786;902;1916;1014;170;1166;200;300;239;427;1166;4271;98;150;116;210;102;150;123;217;722;629;2935;1345;1357;15;356;5003;21,23;12,46;0,13;56,97;25720;0;55;81,1;2,53;10,74;8,95;12,41;5,7;0,2;4,01;7,19;12,12;6,24;10,08;16,28;3703
203;1964;0;1;3;0;1;0;0;0;0;0;0;0;0;2;1;0;1;1;0;0;0;312;43,43;0;0;0;655;667;0;113;405;8;96;48,6;2;0;3800;8710;718;333;385;903;1186;7121;3280;3841;1764;811;953;0;0;0;1168;1606;1832;2548;833;1556;723;241;1322;252;321;234;515;1322;4062;132;152;116;255;120;169;118;260;514;575;2866;1287;1115;9;309;4648;17,82;14,88;0,16;50,03;23562;0;37;58,7;2,62;12,23;11,62;12,83;9,7;0,1;8,21;10,27;14,4;7,6;13,38;13,91;3393
204;1978;0;12;2;0;1;0;1;0;0;0;0;0;0;0;0;0;1;0;0;1;3;379;43,41;2;0;0;1761;1832;2;231;865;31;196;46,2;3;0;10191;24960;1508;658;850;909;1227;21721;10243;11478;2921;1367;1554;0;0;0;3267;4516;4606;8344;2473;4227;1754;190;3593;503;1183;586;1321;3593;11724;239;578;284;660;264;605;302;661;2639;1477;6507;2848;3564;21;1269;13236;17;14,58;0,09;42,72;31150;0;131;87,6;2,72;8,94;8,01;9,84;5,9;-0,2;3,83;7,1;10,14;3,99;9,7;11,82;9076
205;1993;0;23;7;0;2;0;1;1;0;0;0;1;0;0;0;1;0;0;0;0;3;307;43,3;1;0;0;2351;2380;0;202;563;51;260;41,9;4;0;12062;30887;1295;507;788;1134;1624;29566;14258;15308;1967;862;1105;0;0;0;3693;6473;4095;11838;3428;4788;1360;34,32;4731;530;1844;659;1698;4731;14840;269;939;299;844;261;905;360;854;6056;543;5472;1956;5656;8;2714;16047;14,55;15;0,04;27,88;46723;0;930;87,5;2,84;6,01;4,88;7,06;5,8;-0,8;2,41;5,47;5,64;1,44;6,39;9,32;11112
206;1992;0;9;0;0;5;0;0;0;0;0;0;0;0;2;0;1;1;0;0;2;1;318;39,77;2;0;0;1590;1745;0;137;390;53;237;44,4;5;0;6762;16971;683;275;408;1190;1509;13896;6770;7126;3202;1514;1688;1;0;0;3010;2540;4127;5333;1245;1961;716;34,55;3335;509;826;633;1367;3335;8270;240;392;292;666;269;434;341;701;4270;290;2812;745;2636;11;1643;8701;11,24;19,51;0,12;37,9;40746;0;502;92;2,51;5,84;4,79;6,84;10;-1,2;2,42;3,39;6,72;1,5;5,57;9,44;6825
207;1974;0;2;4;1;2;0;1;0;1;0;0;0;0;3;1;0;1;0;0;2;2;319;46,01;1;1;0;1760;1892;0;364;1166;32;206;55,4;3;0;12353;28541;1500;611;889;1016;1468;23915;11232;12683;5010;2324;2686;0;0;0;3356;4449;5852;8244;4422;6640;2218;183;3652;619;978;655;1400;3652;13318;283;499;309;669;336;479;346;731;3679;1360;8034;3522;4548;23;1665;15223;23,01;12,63;0,12;33,72;33554;0;160;75,1;2,62;8,29;7,1;9,39;6,8;-0,4;4,1;5,87;9,26;3,98;8,4;11,78;11039
208;1981;0;7;1;0;2;0;0;0;0;0;0;0;1;0;0;0;0;0;0;0;1;311;46,85;0;0;0;612;635;0;144;380;17;83;48,2;3;0;4876;11269;457;181;276;1315;1791;10347;4906;5441;1016;460;556;0;0;0;1113;2092;1748;3781;1726;2535;809;61,25;1247;178;386;236;447;1247;5307;84;181;121;226;94;205;115;221;3444;185;1617;582;1979;13;1009;5962;21,56;10,97;0,05;33,02;57320;0;188;125;2,61;6,19;5,14;7,15;5,3;-1;2,01;3,22;7,71;1,41;6,15;9,35;4359
211;1982;0;25;8;1;2;0;0;0;0;0;0;0;0;1;1;2;1;0;0;1;2;177;45,91;1;0;0;1481;1722;0;250;650;46;171;73;8;0;8260;19662;563;217;346;1453;1973;18394;8882;9512;1263;548;715;1;0;0;2891;2722;3341;5544;3955;5164;1209;98;3203;400;916;566;1321;3203;9412;185;419;286;591;215;497;280;730;5799;180;2351;694;3530;15;2230;10250;25,91;16,29;0,03;21,95;55681;0;203;107;2,67;5,05;4,01;6,03;6,6;-0,8;1,72;3,13;5,44;0,63;5,5;7,95;7359
212;1962;0;5;0;0;2;0;0;0;0;0;0;0;0;0;0;0;1;0;0;0;0;0;42,03;0;0;0;148;149;0;24;58;7;15;43,2;1;0;579;1895;84;33;51;898;1204;1481;769;712;437;219;218;0;0;0;289;297;440;590;162;279;117;1;297;58;57;59;123;297;967;27;24;33;64;31;33;26;59;157;122;558;220;323;2;73;928;14,7;15,48;0,18;43,62;27316;0;2966;0;2,72;6,55;4,8;8,57;14,1;0,9;3,03;4,25;5,89;4,71;7,28;10,68;704
213;1982;0;2;0;0;0;0;0;0;0;0;0;0;0;1;0;0;1;0;0;1;0;296;45,11;1;0;0;432;425;0;92;242;10;49;43,6;1;0;3737;7351;355;150;205;1068;1539;6030;2947;3083;1474;646;828;0;0;0;777;1059;1874;2178;996;1463;467;141;857;177;211;154;315;857;3531;96;96;78;162;81;115;76;153;931;389;2078;739;1476;3;485;3820;18,95;11,42;0,13;33,12;31626;0;55;71,1;2,37;7,15;6,18;8,1;7,5;-2,4;6,39;4,8;7,66;2,31;7,63;10,03;3160
214;1998;0;14;3;0;3;0;0;0;0;0;0;0;0;0;0;0;0;0;0;0;3;323;39,72;0;1;0;1381;1372;0;74;198;41;194;45,3;3;0;5715;11895;521;199;322;1154;1553;11874;5725;6149;1458;653;805;0;0;0;2111;1859;2778;3744;971;1403;432;27;2753;484;613;602;1054;2753;5622;245;302;306;528;239;311;296;526;2975;297;2175;619;2135;2;1205;6273;10,53;20,65;0,06;30,56;42831;0;480;115;2,7;5,88;4,69;6,97;13,3;3,7;2,4;3,66;6,46;2,84;6,68;8,37;4933
215;1999;0;1;0;0;2;0;1;0;0;0;0;0;0;1;0;0;0;0;0;1;0;304;38,79;1;0;0;826;909;0;38;86;37;105;48,1;2;0;3061;7601;204;95;109;1204;1746;7160;3559;3601;504;222;282;0;0;0;1469;1376;1174;2804;565;778;213;17;1735;191;554;285;705;1735;3743;75;291;133;327;116;263;152;378;2535;97;511;192;876;0;816;3858;9,85;22,64;0,02;27,95;70874;0;467;123;2,95;4;3,81;4,17;6,2;-1,2;0,77;2,72;5,49;0,23;3,46;5,8;2600
